image,label
1503524770915724939.jpg,1
1504352292836997161.jpg,0
1504538926761450475.jpg,2
1503524772178054075.jpg,0
1504538924713864952.jpg,2
1504538587550789349.jpg,2
1503524788183420477.jpg,1
1504538780393583056.jpg,0
1503524785844180678.jpg,2
1503524798910371152.jpg,0
1504538584455709034.jpg,0
1504538773687008512.jpg,0
1504538780199772705.jpg,0
1503524781916451799.jpg,2
1504538920981086789.jpg,0
1503524771709867117.jpg,0
1504538645454601137.jpg,2
1504538926173290419.jpg,2
1503524795984726725.jpg,0
1504538775296592618.jpg,0
1504538783409372669.jpg,0
1503524785242968434.jpg,2
1503524803911584518.jpg,2
1503524781109353080.jpg,2
1503524795309673194.jpg,0
1504538646863770288.jpg,2
1504538634252645629.jpg,0
1504538569261033146.jpg,0
1504539000761270622.jpg,0
1504538930764546383.jpg,0
1503524771976809681.jpg,0
1504420782923709140.jpg,0
1504538634873003571.jpg,0
1504538926267413012.jpg,2
1504539002657645441.jpg,0
1503524790776186459.jpg,1
1504538771395820847.jpg,0
1504538986846206260.jpg,0
1504420778750543233.jpg,0
1504538755586828179.jpg,0
1504538627388726236.jpg,0
1503524792977295276.jpg,0
1504352289434111217.jpg,1
1504538931261118286.jpg,0
1504538569964367692.jpg,0
1503524798382069976.jpg,0
1504538767590847704.jpg,0
1503524781783017551.jpg,2
1504538982944916146.jpg,2
1504538984738371237.jpg,1
1504538770389029261.jpg,0
1503524791509940288.jpg,1
1503524788511957822.jpg,1
1504420776414968926.jpg,0
1504538644561885731.jpg,2
1504420792548350846.jpg,2
1504539004451582187.jpg,0
1503524781042787290.jpg,2
1504538645566044378.jpg,2
1504420784322413918.jpg,0
1503524787042816013.jpg,2
1504538590872567939.jpg,2
1504538993253619736.jpg,0
1504352292449496231.jpg,0
1504539012469943902.jpg,2
1504539003252505794.jpg,0
1503524779576092352.jpg,0
1503524765309577998.jpg,2
1504538595862442854.jpg,0
1504538580258570816.jpg,0
1504538845473021123.jpg,1
1504538593162721180.jpg,1
1504352289536641791.jpg,1
1504538638366270576.jpg,0
1504538981653187924.jpg,2
1504538647454208166.jpg,2
1504538925001636316.jpg,2
1503524771242791277.jpg,1
1503524802980625849.jpg,2
1504538626251988138.jpg,0
1504352292233012178.jpg,0
1504420777520472228.jpg,0
1504538841067128418.jpg,2
1504420790724443176.jpg,2
1504539005762850410.jpg,0
1504538630463501524.jpg,0
1503524787449172378.jpg,2
1504538989651012729.jpg,0
1504538843155031959.jpg,2
1504538777594626860.jpg,0
1504352289334660087.jpg,1
1504538779307087519.jpg,0
1504420770121305413.jpg,0
1504352288132931983.jpg,2
1504538992553692174.jpg,0
1503524782509623884.jpg,2
1504420789832716596.jpg,2
1504538841669282989.jpg,2
1504352288230944997.jpg,2
1504538980149064870.jpg,0
1504538574462905331.jpg,0
1504538631149686589.jpg,0
1504538583765604095.jpg,0
1504420769413744593.jpg,0
1504538982344789670.jpg,2
1503524781842717151.jpg,2
1504538988344969763.jpg,0
1503524801315430462.jpg,2
1504539003852458511.jpg,0
1504538782299244324.jpg,0
1504538568155947860.jpg,0
1504538633668064026.jpg,0
1503524802709790579.jpg,2
1503524779443215849.jpg,0
1504538771196280955.jpg,0
1503524765109398105.jpg,2
1504420768507331028.jpg,0
1504539000263484657.jpg,0
1503524768509837659.jpg,1
1504539000049355866.jpg,0
1504420786426474246.jpg,0
1504420793048040012.jpg,2
1503524771509730431.jpg,0
1504538920278509580.jpg,0
1504538844261865208.jpg,1
1504538838963230362.jpg,0
1503524787778038585.jpg,2
1504352290344945988.jpg,1
1504538837455880227.jpg,0
1504539013153847308.jpg,1
1504420774732146652.jpg,0
1504538988946480264.jpg,0
1504420787721318278.jpg,0
1503524773309958558.jpg,0
1503524784242903844.jpg,2
1504538838065641735.jpg,0
1504538777503677572.jpg,0
1504538999267102485.jpg,0
1503524800576766063.jpg,2
1503524794511571375.jpg,0
1504420772113557809.jpg,0
1504538635575490615.jpg,0
1504420785432699802.jpg,0
1504539002168341567.jpg,0
1503524769776286248.jpg,1
1504538648470139035.jpg,1
1504538566270264578.jpg,0
1503524766779805432.jpg,2
1504538581862089480.jpg,0
1504538592265701771.jpg,1
1504538996558087602.jpg,0
1503524791576302373.jpg,1
1504538924411081821.jpg,0
1504538843476715331.jpg,2
1504538568958408283.jpg,0
1504538984348095824.jpg,2
1504538998747679695.jpg,0
1504539008272415843.jpg,0
1504538646669899385.jpg,2
1504538987239191197.jpg,0
1504538922988117387.jpg,0
1503524763509713942.jpg,2
1504538772487751568.jpg,0
1504538593769257544.jpg,0
1504538763292973742.jpg,0
1503524766242767986.jpg,2
1504420778612933331.jpg,0
1504538643864843789.jpg,2
1504538576159611854.jpg,0
1504538993857003348.jpg,0
1504538639472220616.jpg,0
1504538596558595628.jpg,0
1503524798183358445.jpg,0
1503524803311275047.jpg,2
1504538596049377834.jpg,0
1504538640666931878.jpg,0
1503524773776104209.jpg,0
1504538990147674862.jpg,0
1504420766509554161.jpg,1
1504538841462476126.jpg,2
1504420792432661307.jpg,2
1504538596943492332.jpg,0
1504352287933044948.jpg,2
1503524798242706442.jpg,0
1503524769043654366.jpg,1
1504538630863641225.jpg,0
1504538592674361515.jpg,1
1504539012758199983.jpg,1
1504420785328040614.jpg,0
1504538641663958956.jpg,0
1504538647768894939.jpg,1
1504538767393734649.jpg,0
1504538567069748261.jpg,0
1504538778492171890.jpg,0
1504538642052141847.jpg,0
1504538631557057084.jpg,0
1504538781399538680.jpg,0
1503524788243725519.jpg,1
1504420789027582255.jpg,0
1504538770196383440.jpg,0
1504538635050403913.jpg,0
1504538845973518950.jpg,1
1503524794709954836.jpg,0
1503524795243597073.jpg,0
1503524771109459640.jpg,1
1504420768319864129.jpg,0
1504538768995869074.jpg,0
1503524802115710909.jpg,2
1504352288624515881.jpg,1
1504538924101662898.jpg,0
1503524796109924644.jpg,0
1504538932067606233.jpg,0
1504538644461288022.jpg,2
1504538634763266859.jpg,0
1503524795448319285.jpg,0
1503524765981065455.jpg,2
1504538588854138919.jpg,2
1504420788233354285.jpg,0
1503524782909548860.jpg,2
1504539008350868459.jpg,0
1504538831562871602.jpg,0
1504538764990291030.jpg,0
1504538993051928580.jpg,0
1504538569171737701.jpg,0
1504538587368251547.jpg,2
1503524806376187413.jpg,2
1504538839864779946.jpg,0
1504538588752584110.jpg,2
1504538647575472174.jpg,1
1504352290735002785.jpg,0
1503524769509651554.jpg,1
1504538994548491875.jpg,0
1503524780642724575.jpg,2
1504538930947503560.jpg,0
1504538587066712587.jpg,0
1503524768776679361.jpg,1
1504538643963058932.jpg,2
1504538777288424054.jpg,0
1503524763776017457.jpg,2
1504538633159887167.jpg,0
1503524788376164370.jpg,1
1503524796643059498.jpg,0
1504538579560698917.jpg,0
1504538638061011623.jpg,0
1503524770776061396.jpg,1
1504538994660458043.jpg,0
1504538773905065987.jpg,0
1504538632158221391.jpg,0
1504420783833811138.jpg,0
1504538843359656167.jpg,2
1504538761800934988.jpg,1
1504420788727903808.jpg,0
1503524803842728908.jpg,2
1503524767176192314.jpg,2
1504420782032628707.jpg,0
1504539001152621359.jpg,0
1504538764188040528.jpg,0
1504539010560678453.jpg,2
1504539005053090514.jpg,0
1504538787693020429.jpg,2
1504538566661662917.jpg,0
1504538568459989549.jpg,0
1504538787999326320.jpg,2
1503524774242784153.jpg,0
1504538839254303057.jpg,0
1503524764709794148.jpg,2
1504420793724922861.jpg,1
1504538785891606353.jpg,2
1504538995846360782.jpg,0
1504420768216672228.jpg,0
1504538646169274792.jpg,2
1504538597157746355.jpg,0
1504538633471071958.jpg,0
1504538573357574733.jpg,0
1504538647376353491.jpg,2
1503524784777069927.jpg,2
1504538576357803811.jpg,0
1504538781902985106.jpg,0
1504538580661337290.jpg,0
1504420770730756757.jpg,0
1504538921788080605.jpg,0
1504538922892854609.jpg,0
1504538764906917800.jpg,0
1504538566354169261.jpg,0
1504420774527002456.jpg,0
1504420769513339385.jpg,0
1503524779243657800.jpg,0
1503524794910897959.jpg,0
1503524772048855647.jpg,0
1504420789933589248.jpg,2
1504539013574783221.jpg,1
1504420788944143617.jpg,0
1503524780576915099.jpg,2
1504538565668749541.jpg,0
1503524805184075574.jpg,2
1504538586262715172.jpg,0
1504538930349660997.jpg,1
1504538839460684977.jpg,0
1504538928467374140.jpg,1
1504420774124650790.jpg,0
1504352289944639129.jpg,1
1504539004353499480.jpg,0
1504538574162259007.jpg,0
1504420787638347541.jpg,0
1504420768108161753.jpg,0
1504538564664192883.jpg,1
1504420791623499833.jpg,2
1504538838374067763.jpg,0
1504420784137467969.jpg,0
1504538831751258543.jpg,0
1503524786978740047.jpg,2
1504538785299475614.jpg,2
1504538932449299315.jpg,0
1503524781983501519.jpg,2
1504538785086942112.jpg,2
1504538771094342225.jpg,0
1503524764976486854.jpg,2
1504538986747372006.jpg,0
1504352288529265055.jpg,1
1504538980343281905.jpg,0
1504538584260187937.jpg,0
1504538994247709795.jpg,0
1504538628967604975.jpg,0
1503524767576198016.jpg,1
1504352287848419329.jpg,2
1504539004247691865.jpg,0
1504538641554795305.jpg,0
1504538766288523671.jpg,0
1503524763444724561.jpg,2
1504539002961867317.jpg,0
1503524787716702802.jpg,2
1504538923189245644.jpg,0
1504538764490153794.jpg,0
1504538765382239153.jpg,0
1504538574048270517.jpg,0
1504420777723158447.jpg,0
1504538571469998435.jpg,0
1504538567359242807.jpg,0
1503524790910614026.jpg,1
1503524791309936890.jpg,1
1504538629264363509.jpg,0
1503524788111223931.jpg,1
1504352290644768748.jpg,0
1504538984444276974.jpg,2
1503524799175939860.jpg,0
1504539009661696613.jpg,2
1503524797909887866.jpg,0
1504538581964068855.jpg,0
1503524799309756336.jpg,0
1504538647161158656.jpg,2
1504538991650509574.jpg,0
1503524805976494511.jpg,2
1504538596853603373.jpg,0
1504538784198146100.jpg,2
1504538930058181729.jpg,1
1504538836267652281.jpg,0
1504420782440545815.jpg,0
1504538574565189335.jpg,0
1504538779395548974.jpg,0
1504538989550484621.jpg,0
1504538999748104754.jpg,0
1503524803380252597.jpg,2
1504538585661354346.jpg,0
1504538592065408700.jpg,1
1503524784316191271.jpg,2
1504538590469793497.jpg,2
1503524769716296818.jpg,1
1503524779909654957.jpg,2
1504538990847746972.jpg,0
1503524770509866819.jpg,1
1503524789576413132.jpg,1
1504420785240585323.jpg,0
1504420769818207770.jpg,0
1504538592759249665.jpg,1
1504538577263935477.jpg,0
1504420793357147944.jpg,2
1504538933062462919.jpg,0
1504538778193663850.jpg,0
1503524763110794927.jpg,2
1504420778529151946.jpg,0
1504420790926601719.jpg,2
1504538636158247048.jpg,0
1503524772509771689.jpg,0
1504539009854237655.jpg,2
1503524791109439740.jpg,1
1503524803646712853.jpg,2
1503524782244267011.jpg,2
1504538984850642704.jpg,1
1504420782516894635.jpg,0
1504538762795003835.jpg,0
1504420776014263631.jpg,0
1504538840568530368.jpg,2
1504538993945322618.jpg,0
1503524781179407414.jpg,2
1504538777707268709.jpg,0
1504538990555744008.jpg,0
1504538996858319085.jpg,0
1504538581161745359.jpg,0
1503524795909492746.jpg,0
1503524774444398536.jpg,0
1504538778690162730.jpg,0
1503524766510002400.jpg,2
1503524774109718080.jpg,0
1504538991251668381.jpg,0
1504538627151406363.jpg,0
1504538988452096086.jpg,0
1504538842963673642.jpg,2
1504538573659471521.jpg,0
1503524766976193737.jpg,2
1504539014457891027.jpg,1
1503524763380821498.jpg,2
1504538782190773967.jpg,0
1504538763698888435.jpg,0
1504539006062691481.jpg,0
1503524802314185421.jpg,2
1504538641766029443.jpg,0
1503524787109477075.jpg,2
1504538634465552791.jpg,0
1504538571167604736.jpg,0
1504538591759154544.jpg,1
1503524801642865789.jpg,2
1504538921497092485.jpg,0
1504538991349923778.jpg,0
1504538574763232945.jpg,0
1504538597366207613.jpg,0
1503524773509809776.jpg,0
1503524805776031393.jpg,2
1504538781488442519.jpg,0
1503524792242926188.jpg,0
1504538929353972165.jpg,1
1504538766404428293.jpg,0
1504538919165098547.jpg,0
1504538569368513420.jpg,0
1504352292646816437.jpg,0
1503524782376311674.jpg,2
1504538771994717188.jpg,0
1504538640067860363.jpg,0
1504538788688266593.jpg,1
1503524767509670606.jpg,1
1504538633562294869.jpg,0
1504538587167097545.jpg,0
1504539011961085473.jpg,2
1504538990658500962.jpg,0
1504420781538307130.jpg,0
1504538629960906780.jpg,0
1504538924783915436.jpg,2
1504420771727983697.jpg,0
1503524762981899374.jpg,2
1504538776791529254.jpg,0
1503524768843641628.jpg,1
1504538788392953230.jpg,1
1504538571861670634.jpg,0
1504538593390157273.jpg,0
1504538646964447473.jpg,2
1504538786893756390.jpg,2
1503524765576398295.jpg,2
1504538922494365132.jpg,0
1504538998873313808.jpg,0
1504420768409681700.jpg,0
1504538781789469471.jpg,0
1504420786736348201.jpg,0
1504538998953789005.jpg,0
1504538923092332121.jpg,0
1504420788026996049.jpg,0
1504538630769197455.jpg,0
1504538587266847734.jpg,0
1504538789610848341.jpg,1
1504538626956553693.jpg,0
1504420786948052129.jpg,0
1503524768109912205.jpg,1
1504538839549727657.jpg,0
1503524796376237874.jpg,0
1504538646266873393.jpg,2
1504538647868298576.jpg,1
1504538636966165010.jpg,0
1504538921695766852.jpg,0
1504538767295903409.jpg,0
1504538579158172916.jpg,0
1503524771917136361.jpg,0
1504538577175233152.jpg,0
1503524764180418211.jpg,2
1503524779110292925.jpg,0
1504539013864251504.jpg,1
1504538636663071564.jpg,0
1504538633062718788.jpg,0
1504538577965548856.jpg,0
1504538786211612704.jpg,2
1504538782786963202.jpg,0
1504538989254064868.jpg,0
1503524765910985389.jpg,2
1504538845674116505.jpg,1
1503524784176390910.jpg,2
1504539001447487565.jpg,0
1504538789223218224.jpg,1
1504538983750795400.jpg,2
1504538633871392301.jpg,0
1504538582463922986.jpg,0
1503524793176197631.jpg,0
1503524766109573847.jpg,2
1504538583651551558.jpg,0
1504538643371811007.jpg,0
1504538574266089466.jpg,0
1504539003945233929.jpg,0
1504538568573318945.jpg,0
1504538782993961964.jpg,0
1504420772510487804.jpg,0
1504538631863698482.jpg,0
1504538997054178461.jpg,0
1503524805248849041.jpg,2
1503524786242780122.jpg,2
1503524792443079402.jpg,0
1504538648762794949.jpg,1
1504420771017127219.jpg,0
1503524762383102952.jpg,2
1503524798442722894.jpg,0
1504538578462254990.jpg,0
1504538570270750437.jpg,0
1504538985143375693.jpg,1
1504539002470902878.jpg,0
1504538566166334031.jpg,0
1503524806176296903.jpg,2
1503524793042853577.jpg,0
1504539009961681348.jpg,2
1504538575563088118.jpg,0
1503524788043606188.jpg,1
1504538926859695655.jpg,2
1504420777943524696.jpg,0
1503524795577597754.jpg,0
1503524793642878826.jpg,0
1504538643172409196.jpg,0
1504538631264587837.jpg,0
1504538570562356760.jpg,0
1504538635655015724.jpg,0
1503524766376411663.jpg,2
1504420767104573861.jpg,1
1503524790309522744.jpg,1
1504538994154150047.jpg,0
1503524799576610909.jpg,0
1504538979847572853.jpg,0
1504538775800140761.jpg,0
1504538844759674475.jpg,1
1504420771815582774.jpg,0
1504352288741663611.jpg,1
1503524779309622120.jpg,0
1503524785709504857.jpg,2
1504420767022622900.jpg,1
1503524768976231466.jpg,1
1504538926079911254.jpg,2
1504538770888148366.jpg,0
1504539002762714190.jpg,0
1504420776117626401.jpg,0
1504538922183368789.jpg,0
1504538774385626188.jpg,0
1504539010365224070.jpg,2
1503524780509384225.jpg,2
1504538831362818111.jpg,0
1504538932255617575.jpg,0
1503524785376410020.jpg,2
1504538995361997239.jpg,0
1504538986572133147.jpg,1
1504420772812273734.jpg,0
1504538595762172214.jpg,0
1504538765601405939.jpg,0
1504420769121468729.jpg,0
1503524786917186484.jpg,2
1504538996145527372.jpg,0
1504538775995761357.jpg,0
1503524806114507964.jpg,2
1504538993558103228.jpg,0
1503524788909531748.jpg,1
1503524784848037580.jpg,2
1504352288442676613.jpg,1
1503524795377623273.jpg,0
1504538983246085904.jpg,2
1504538762690353608.jpg,0
1503524780109424203.jpg,2
1504538845280596807.jpg,1
1503524791449784489.jpg,1
1504538997851640197.jpg,0
1504538835773734936.jpg,0
1504538842054188692.jpg,2
1504420777109958531.jpg,0
1504420774023028981.jpg,0
1504538578758816775.jpg,0
1504538597650582027.jpg,0
1504538577463429370.jpg,0
1504538982742240470.jpg,2
1504538570867688703.jpg,0
1504420770822060057.jpg,0
1504538568056010092.jpg,0
1504538789405230604.jpg,1
1503524762714072685.jpg,2
1504538579949353721.jpg,0
1503524767976414143.jpg,1
1504538997750223181.jpg,0
1504538568366571818.jpg,0
1504538637668275158.jpg,0
1504352292560836467.jpg,0
1504538778599385278.jpg,0
1504538584862035808.jpg,0
1504539002556613439.jpg,0
1504538931047772544.jpg,0
1504538922290586437.jpg,0
1503524785042620027.jpg,2
1504420790628701629.jpg,2
1504538627776628855.jpg,0
1503524769242790626.jpg,1
1504538998056299754.jpg,0
1504352287743090926.jpg,2
1503524806443336761.jpg,2
1504538761003903198.jpg,1
1504538776681866425.jpg,0
1504538636562022831.jpg,0
1504352291845640016.jpg,0
1504538762903256754.jpg,0
1504538781988868196.jpg,0
1504538591554603701.jpg,1
1504538833748389010.jpg,0
1504538779000660918.jpg,0
1504538591453501165.jpg,1
1504538576662211722.jpg,0
1504538998559742720.jpg,0
1503524795513208410.jpg,0
1503524780044841326.jpg,2
1504538567254865049.jpg,0
1504420776927886095.jpg,0
1503524773376295391.jpg,0
1504420782715954774.jpg,0
1504538776591074997.jpg,0
1503524795643055493.jpg,0
1504538576762116841.jpg,0
1504538784091965723.jpg,2
1504538641471522235.jpg,0
1504538630072685415.jpg,0
1503524797176022289.jpg,0
1503524792643008439.jpg,0
1504420793435904320.jpg,2
1504538837160021487.jpg,0
1504538576866499863.jpg,0
1504538586065484804.jpg,0
1504539005654298969.jpg,0
1504538986044920913.jpg,1
1504420771410378860.jpg,0
1504538597249343931.jpg,0
1504538584157801987.jpg,0
1504538840264373216.jpg,2
1504538843261363832.jpg,2
1504538839165160602.jpg,0
1504538832861839483.jpg,0
1504420780334276381.jpg,0
1504538576458493500.jpg,0
1504538761703865164.jpg,1
1504539006551971994.jpg,0
1504539000461195650.jpg,0
1504420780634934692.jpg,0
1504538989743562983.jpg,0
1504538627570858585.jpg,0
1504538778395737170.jpg,0
1504538773199752349.jpg,0
1503524801976354987.jpg,2
1503524791042833017.jpg,1
1503524802176410990.jpg,2
1504538783692847271.jpg,0
1504420789659699726.jpg,2
1504538783789204429.jpg,0
1503524780976357345.jpg,2
1504538565375428976.jpg,0
1504538638864492820.jpg,0
1504420789736939204.jpg,2
1504538628772318116.jpg,0
1504538596348890124.jpg,0
1503524787309850323.jpg,2
1503524789243335625.jpg,1
1504538781291181271.jpg,0
1504538764686842737.jpg,0
1504538777787272362.jpg,0
1504538989959603393.jpg,0
1504539005152005113.jpg,0
1503524793251021244.jpg,0
1504538992250680086.jpg,0
1504538783089265790.jpg,0
1503524767442724478.jpg,1
1504538772691425417.jpg,0
1503524797776402608.jpg,0
1504539007669163583.jpg,0
1503524774309593393.jpg,0
1504538786304005519.jpg,2
1504538979743454356.jpg,0
1504538785785557132.jpg,2
1504538784997950913.jpg,2
1503524766309608347.jpg,2
1504538569061062437.jpg,0
1503524804446666608.jpg,2
1504538984045907719.jpg,2
1504420791128776809.jpg,2
1504538928852568600.jpg,1
1504538574660780022.jpg,0
1503524783509533604.jpg,2
1503524772310044935.jpg,0
1504538638264507230.jpg,0
1504538995464549792.jpg,0
1504420773315728974.jpg,0
1504538775909508559.jpg,0
1503524806909443981.jpg,2
1504538924590286927.jpg,2
1504538596758141974.jpg,0
1504538768492983083.jpg,0
1504538766793245901.jpg,0
1503524780776261356.jpg,2
1504420791924075608.jpg,2
1504538773793941833.jpg,0
1504539003463973924.jpg,0
1503524804115897890.jpg,2
1504352291343671439.jpg,0
1504420776220728221.jpg,0
1503524791376081262.jpg,1
1503524784509784785.jpg,2
1503524780909287132.jpg,2
1504538768906464519.jpg,0
1504538634159980890.jpg,0
1504538832453032161.jpg,0
1504420791728636336.jpg,2
1504538787190099389.jpg,2
1504538787294200255.jpg,2
1503524808778915015.jpg,1
1504352289736281521.jpg,1
1504538925861567869.jpg,2
1504352287549866233.jpg,2
1503524770843870469.jpg,1
1504539013957854419.jpg,1
1504538992054761740.jpg,0
1504538918474003675.jpg,0
1504538775598795799.jpg,0
1504538627880074151.jpg,0
1504538590368178755.jpg,2
1503524782776202541.jpg,2
1503524804710316506.jpg,2
1504538767699632034.jpg,0
1504420786248403977.jpg,0
1504538597053641100.jpg,0
1503524804376399024.jpg,2
1504538831864750460.jpg,0
1504538784288594023.jpg,2
1504420788317879798.jpg,0
1504538586959492679.jpg,0
1504538927863399036.jpg,2
1504538929461902269.jpg,1
1504538772605288392.jpg,0
1503524798716790496.jpg,0
1504538580459518208.jpg,0
1503524801576041952.jpg,2
1503524763243335976.jpg,2
1504538992360507755.jpg,0
1504538630353464653.jpg,0
1504538998667008153.jpg,0
1504538778796965152.jpg,0
1504420787232082438.jpg,0
1503524805842749818.jpg,2
1504538632065056944.jpg,0
1504538627661378205.jpg,0
1503524789909889445.jpg,1
1504538980035937046.jpg,0
1504538919971002046.jpg,0
1504538580768790539.jpg,0
1504538573461545689.jpg,0
1504420781826652216.jpg,0
1503524764042900862.jpg,2
1504538593660283603.jpg,0
1504420777418552790.jpg,0
1504538984253920675.jpg,2
1504538629175220595.jpg,0
1504538640566482730.jpg,0
1504538930478402965.jpg,0
1504538998150364959.jpg,0
1504539004748976870.jpg,0
1504538987345815384.jpg,0
1504538633766421390.jpg,0
1504538918968080638.jpg,0
1504538772196483040.jpg,0
1504420769018571180.jpg,0
1504538761495793205.jpg,1
1504538642956692510.jpg,0
1504538644973383812.jpg,2
1504539014067176921.jpg,1
1503524769642957398.jpg,1
1503524762309762211.jpg,2
1504538625860433770.jpg,0
1503524789109792233.jpg,1
1504538635275002663.jpg,0
1504538837066784692.jpg,0
1503524801715963808.jpg,2
1503524763642802062.jpg,2
1503524803243693679.jpg,2
1504538629860504294.jpg,0
1503524796976339596.jpg,0
1504538926362030859.jpg,2
1503524789382778965.jpg,1
1504539003167273189.jpg,0
1503524770376321181.jpg,1
1504538591377515136.jpg,1
1503524800909393423.jpg,2
1503524798048992963.jpg,0
1504538765691290440.jpg,0
1503524798776240543.jpg,0
1504538589365250108.jpg,2
1503524768309485557.jpg,1
1504538581660657061.jpg,0
1504538775491037634.jpg,0
1504538573563757879.jpg,0
1504538844369824952.jpg,1
1504538994052196314.jpg,0
1504352290143625702.jpg,1
1503524782176858434.jpg,2
1503524773576537824.jpg,0
1503524770643236411.jpg,1
1503524765716346149.jpg,2
1504538564457364815.jpg,1
1504538591962944018.jpg,1
1504538580554471597.jpg,0
1504538632865315108.jpg,0
1504538999464782969.jpg,0
1503524770042728516.jpg,1
1504538844465549322.jpg,1
1503524765643411960.jpg,2
1503524767715758613.jpg,1
1504538632962965678.jpg,0
1504538590053807273.jpg,2
1504538635853058824.jpg,0
1504538932648387555.jpg,0
1504538572456962764.jpg,0
1504538990444386391.jpg,0
1503524805378234605.jpg,2
1504538572856824502.jpg,0
1503524794976112778.jpg,0
1503524796180106471.jpg,0
1504538577864063178.jpg,0
1504538765903565454.jpg,0
1503524764442703418.jpg,2
1504538629753528960.jpg,0
1504538986958172458.jpg,0
1503524801042756732.jpg,2
1504352290548373979.jpg,0
1504538568857929711.jpg,0
1504538648264567240.jpg,1
1504538987957497912.jpg,0
1504538569562516320.jpg,0
1504539005448314592.jpg,0
1504538989844353374.jpg,0
1503524797576140364.jpg,0
1504352291141472176.jpg,0
1504538585153089908.jpg,0
1503524772709785287.jpg,0
1503524806577048589.jpg,2
1504352291735453416.jpg,0
1504420779426721852.jpg,0
1504539009360118924.jpg,2
1504538639259127978.jpg,0
1504538838167048937.jpg,0
1503524795843389244.jpg,0
1503524800842708457.jpg,2
1503524801176272499.jpg,2
1504538930256014315.jpg,1
1504420777213512511.jpg,0
1504420789418704293.jpg,0
1504538571261204428.jpg,0
1504538592562728416.jpg,1
1503524764109826456.jpg,2
1504538648065953913.jpg,1
1503524782716365617.jpg,2
1504538584962230677.jpg,0
1504420775512144956.jpg,0
1503524773843049303.jpg,0
1504420787332731002.jpg,0
1504539003359635193.jpg,0
1504538988642825927.jpg,0
1504538845371569414.jpg,1
1503524802843024595.jpg,2
1504538779604670187.jpg,0
1504538776993267519.jpg,0
1504538774191170042.jpg,0
1504420783934665932.jpg,0
1504538986450200710.jpg,1
1504538933161668346.jpg,0
1504539011048178717.jpg,2
1504420791826034813.jpg,2
1504538925567894141.jpg,2
1503524780176302896.jpg,2
1503524770109875716.jpg,1
1504538833659127787.jpg,0
1504538788790227110.jpg,1
1504538768689885730.jpg,0
1504538932767145653.jpg,0
1503524784709272006.jpg,2
1503524796310087559.jpg,0
1504538842468373898.jpg,2
1504538837571497283.jpg,0
1503524765842936249.jpg,2
1503524786711204172.jpg,2
1504538639552067656.jpg,0
1503524792709733596.jpg,0
1504539011749751714.jpg,2
1503524768376327108.jpg,1
1504538646561137085.jpg,2
1504538577058674182.jpg,0
1504538997655111858.jpg,0
1504538571567028406.jpg,0
1504538929755171074.jpg,1
1504420790230435878.jpg,2
1503524797643338278.jpg,0
1504538631757330931.jpg,0
1504538780596111366.jpg,0
1504539003051996669.jpg,0
1504420792039668733.jpg,2
1504538921083348895.jpg,0
1504538927368249136.jpg,2
1504538575766718678.jpg,0
1504538922696883434.jpg,0
1504538985344138725.jpg,1
1504538769399117546.jpg,0
1504538769189243515.jpg,0
1504538997950088018.jpg,0
1504538779991232457.jpg,0
1504538838266096082.jpg,0
1504538627056325197.jpg,0
1503524780709558609.jpg,2
1504420793926992429.jpg,1
1504538923688508007.jpg,0
1503524805716486615.jpg,2
1504539006259184787.jpg,0
1504538590556658653.jpg,2
1504538837965027939.jpg,0
1503524796709885208.jpg,0
1503524802642718538.jpg,2
1503524788310409273.jpg,1
1504420773523332688.jpg,0
1504538763886192616.jpg,0
1504420781120839692.jpg,0
1504538632461362989.jpg,0
1504538990044556854.jpg,0
1503524798976404009.jpg,0
1503524791242781036.jpg,1
1504420784040461697.jpg,0
1503524792776235626.jpg,0
1503524797109640298.jpg,0
1504538587963056247.jpg,2
1504538761589077969.jpg,1
1504420778235440109.jpg,0
1504538776088015696.jpg,0
1504538573163809194.jpg,0
1504352290048711321.jpg,1
1504538626661975062.jpg,0
1504538996453334434.jpg,0
1504539007146227204.jpg,0
1504538922096509883.jpg,0
1504539011468577424.jpg,2
1504538587453283230.jpg,2
1504538995958011251.jpg,0
1504538785501229669.jpg,2
1504420774228874749.jpg,0
1504538772899277152.jpg,0
1504352288847749858.jpg,1
1504538640463523436.jpg,0
1504538596265523561.jpg,0
1503524793442641028.jpg,0
1504538626448889423.jpg,0
1503524786842956810.jpg,2
1504538579273407836.jpg,0
1503524783442985609.jpg,2
1504539012357008197.jpg,2
1504538644264372141.jpg,2
1504538759906979753.jpg,1
1504538592970839089.jpg,1
1504539004555270048.jpg,0
1503524790442894043.jpg,1
1503524796776323301.jpg,0
1504538985742756316.jpg,1
1504538592858788149.jpg,1
1503524804509501502.jpg,2
1504538639682307152.jpg,0
1504538629370447920.jpg,0
1503524794582390477.jpg,0
1503524770976858909.jpg,1
1504352288946579055.jpg,1
1503524785510000563.jpg,2
1504538634955471696.jpg,0
1504539000158628319.jpg,0
1504538639966710376.jpg,0
1504538572756076114.jpg,0
1503524801109543159.jpg,2
1504538584658148264.jpg,0
1503524782043672185.jpg,2
1504539008157780213.jpg,0
1504538577363013337.jpg,0
1504538627265116933.jpg,0
1504420786144228231.jpg,0
1504538930161456705.jpg,1
1503524767909971531.jpg,1
1504538645862910795.jpg,2
1504538582262040438.jpg,0
1504538844968585378.jpg,1
1503524781513233328.jpg,2
1504538918579386138.jpg,0
1504538577649091717.jpg,0
1503524791709442327.jpg,1
1504538777899500741.jpg,0
1503524781643001294.jpg,2
1504420766802330921.jpg,1
1504538997550313863.jpg,0
1503524772776186498.jpg,0
1503524771576164202.jpg,0
1503524763976583135.jpg,2
1504420786035562363.jpg,0
1503524765176091846.jpg,2
1504538567458203810.jpg,0
1503524804983191527.jpg,2
1503524764643202319.jpg,2
1504420766909311158.jpg,1
1504538925292901462.jpg,2
1504538789311621182.jpg,1
1504538641258109208.jpg,0
1504538987139042976.jpg,0
1503524794842916201.jpg,0
1504538776398474405.jpg,0
1504538582852529152.jpg,0
1503524790246352375.jpg,1
1503524802909755603.jpg,2
1504538832155867091.jpg,0
1504420789334664430.jpg,0
1504352291244161933.jpg,0
1504539002853453710.jpg,0
1504538581758423919.jpg,0
1504538837755519662.jpg,0
1503524768710012994.jpg,1
1504538841571186826.jpg,2
1504538986259604485.jpg,1
1503524767249256255.jpg,2
1504538836069762553.jpg,0
1503524773909540254.jpg,0
1504538999958476242.jpg,0
1504538575661646229.jpg,0
1504420768920650734.jpg,0
1504538567866377872.jpg,0
1504539014686306004.jpg,1
1504538592466975574.jpg,1
1504538994853084299.jpg,0
1504538761090016101.jpg,1
1503524789442723582.jpg,1
1503524802509477311.jpg,2
1504538583359880608.jpg,0
1504538630155191809.jpg,0
1504538931543103111.jpg,0
1504538774502676314.jpg,0
1504538987844905767.jpg,0
1503524793382807144.jpg,0
1503524791842900885.jpg,1
1504538842267600186.jpg,2
1503524779776107215.jpg,2
1504538832068127750.jpg,0
1504352292128793515.jpg,0
1504420770314723538.jpg,0
1503524768910242436.jpg,1
1504538844659802615.jpg,1
1504538778887302028.jpg,0
1503524805909638421.jpg,2
1503524790846002991.jpg,1
1504539010960936110.jpg,2
1504538566458196675.jpg,0
1504538581067466743.jpg,0
1503524791182735386.jpg,1
1504538920478900881.jpg,0
1504539012261638249.jpg,2
1504538777082999976.jpg,0
1504420793139542152.jpg,2
1504538781207173609.jpg,0
1504538788499886094.jpg,1
1504538630671702341.jpg,0
1503524783717046392.jpg,2
1504538844555567375.jpg,1
1504538635367229795.jpg,0
1503524803509963560.jpg,2
1504420768033740872.jpg,0
1503524787910349424.jpg,2
1504420790126427039.jpg,2
1504420786324559441.jpg,0
1504538982845682731.jpg,2
1504538580166318858.jpg,0
1504538983440526320.jpg,2
1504538983649384727.jpg,2
1503524783643089792.jpg,2
1504538840063605679.jpg,0
1503524789509749632.jpg,1
1504538584058893890.jpg,0
1504538575254455386.jpg,0
1504538570672178575.jpg,0
1504538788107894106.jpg,1
1504420781419980396.jpg,0
1504420771615054588.jpg,0
1504538990342827249.jpg,0
1504538841762181639.jpg,2
1503524773111032916.jpg,0
1503524784642705750.jpg,2
1504538832660394951.jpg,0
1504538761392318929.jpg,1
1504538761198579749.jpg,1
1503524766443199089.jpg,2
1504539011351676599.jpg,2
1504420788430424661.jpg,0
1504538928662513091.jpg,1
1504538771587460291.jpg,0
1504538586553977527.jpg,0
1504538787896818245.jpg,2
1503524790576017759.jpg,1
1504538645669157649.jpg,2
1504538782901032911.jpg,0
1504538582065158162.jpg,0
1504539004964691066.jpg,0
1504538571768113237.jpg,0
1503524783845914802.jpg,2
1504538839776998699.jpg,0
1504538644169038636.jpg,2
1504538568264146504.jpg,0
1504420794023944314.jpg,1
1504538581363248734.jpg,0
1504538646080259631.jpg,2
1503524769842799269.jpg,1
1504538637455881357.jpg,0
1504420782832086608.jpg,0
1503524767042941095.jpg,2
1504538919481457698.jpg,0
1503524802043052243.jpg,2
1503524797716401295.jpg,0
1504538772796881502.jpg,0
1503524787642894395.jpg,2
1504538778296919467.jpg,0
1504420791331224426.jpg,2
1504420771515354684.jpg,0
1504538589265756491.jpg,2
1504420782347122956.jpg,0
1504539005267073602.jpg,0
1504538642868633664.jpg,0
1504538839679676995.jpg,0
1504539009052324219.jpg,2
1504538635970102070.jpg,0
1503524787376305126.jpg,2
1503524801512944419.jpg,2
1504538924282519097.jpg,0
1504539001753482655.jpg,0
1504538774795144967.jpg,0
1504538780289598909.jpg,0
1504538637558413458.jpg,0
1504538780901224628.jpg,0
1503524798642696121.jpg,0
1504538995147834140.jpg,0
1504538928077250738.jpg,2
1503524802242879700.jpg,2
1504420785028373454.jpg,0
1503524805311962063.jpg,2
1504538575359955802.jpg,0
1504538578051876015.jpg,0
1504538643572709050.jpg,2
1504538782598793726.jpg,0
1504538590265465671.jpg,2
1504538838565271547.jpg,0
1504538637753776167.jpg,0
1503524790109811627.jpg,1
1504420769313073402.jpg,0
1503524769576330544.jpg,1
1503524787582702916.jpg,2
1504538991155635641.jpg,0
1504420788833523250.jpg,0
1504538995546468781.jpg,0
1504538929257815897.jpg,1
1504538641363505567.jpg,0
1504538841858476007.jpg,2
1504352292749784087.jpg,0
1504538933359590222.jpg,0
1503524790376030228.jpg,1
1504538921286682042.jpg,0
1503524767376204430.jpg,1
1504538773593811740.jpg,0
1503524786650308667.jpg,2
1504538770999752143.jpg,0
1504538766680917503.jpg,0
1504538838870993240.jpg,0
1504538925488355624.jpg,2
1503524802378298679.jpg,2
1504539014158728410.jpg,1
1504538781102416948.jpg,0
1504538785696936412.jpg,2
1504538923484573524.jpg,0
1503524783042775608.jpg,2
1504352292029097514.jpg,0
1504538926566467994.jpg,2
1504538771699621053.jpg,0
1504420784224320885.jpg,0
1504538760194265819.jpg,1
1504538579057430855.jpg,0
1504538570763501406.jpg,0
1504538626060638733.jpg,0
1504538763093925853.jpg,0
1504420793222135966.jpg,2
1504538845577600062.jpg,1
1504539010657787717.jpg,2
1504538985241287096.jpg,1
1503524782110050907.jpg,2
1504538565275944575.jpg,1
1504539015047454923.jpg,0
1504420783730296990.jpg,0
1504538597456795053.jpg,0
1504538845068994973.jpg,1
1504538585067688595.jpg,0
1504539014568967654.jpg,1
1504538584760493415.jpg,0
1504538840466094480.jpg,2
1503524766909953974.jpg,2
1504352289136761014.jpg,1
1504539011261247217.jpg,2
1504538931948849364.jpg,0
1503524795109508352.jpg,0
1503524764843497257.jpg,2
1503524789776327779.jpg,1
1504538585769733530.jpg,0
1504538929849316308.jpg,1
1503524767112096478.jpg,2
1504538844075125000.jpg,2
1504538780798181072.jpg,0
1504538784677820139.jpg,2
1504538580970936515.jpg,0
1504420767305784056.jpg,1
1504538634056463006.jpg,0
1503524804642614666.jpg,2
1504538760082690932.jpg,1
1503524785442879975.jpg,2
1504538565869672874.jpg,0
1504538994350050330.jpg,0
1503524762443859535.jpg,2
1504420785638313955.jpg,0
1504538771898226801.jpg,0
1504538833061954988.jpg,0
1503524780313912883.jpg,2
1504538841264584926.jpg,2
1503524780843943583.jpg,2
1504538769689580199.jpg,0
1504539009161235510.jpg,2
1504538572371669907.jpg,0
1504538565173617930.jpg,1
1504538586360373599.jpg,0
1504539003661308284.jpg,0
1504420779815290613.jpg,0
1504538766591460007.jpg,0
1504538999154349744.jpg,0
1504538996944810694.jpg,0
1504352291448728075.jpg,0
1504538769098664280.jpg,0
1504538635167609695.jpg,0
1504538923989165523.jpg,0
1504538595947675242.jpg,0
1504420780437635974.jpg,0
1504420773845127625.jpg,0
1504538779888179496.jpg,0
1504538836569512493.jpg,0
1504352288332712375.jpg,2
1503524804042704922.jpg,2
1503524768176566342.jpg,1
1503524789843033827.jpg,1
1504538627476517818.jpg,0
1504538567761540094.jpg,0
1504538919591644446.jpg,0
1503524771376126552.jpg,1
1503524798576070059.jpg,0
1504538642560338506.jpg,0
1504538589663720428.jpg,2
1504538567170497412.jpg,0
1504420772606187471.jpg,0
1504538925965735698.jpg,2
1504538837369668023.jpg,0
1504538586859090841.jpg,0
1504538587864660737.jpg,2
1504538773296613023.jpg,0
1504538768201474238.jpg,0
1504538628868026860.jpg,0
1503524763044230772.jpg,2
1504538771498666766.jpg,0
1503524800777121594.jpg,2
1504420789127304920.jpg,0
1504538985040838752.jpg,1
1504538980436901880.jpg,0
1504538992659250652.jpg,0
1504420767525735042.jpg,0
1504420787841613497.jpg,0
1504538784485972709.jpg,2
1504538920686313812.jpg,0
1504538832562769623.jpg,0
1504538998256890681.jpg,0
1504538644079712287.jpg,2
1503524805045141199.jpg,2
1504538836363078948.jpg,0
1504538843659022817.jpg,2
1504538764590747488.jpg,0
1504538837658872415.jpg,0
1504538585965336214.jpg,0
1503524781376349571.jpg,2
1504420779219019625.jpg,0
1504538925097605502.jpg,2
1504538585863354685.jpg,0
1504538582562847834.jpg,0
1503524783309845564.jpg,2
1504538579460546406.jpg,0
1503524795048949770.jpg,0
1504538771788897995.jpg,0
1503524791642797499.jpg,1
1503524769443642426.jpg,1
1504420768607400063.jpg,0
1504538765295936304.jpg,0
1503524800983046318.jpg,2
1503524772976398092.jpg,0
1504539014266014886.jpg,1
1504538923898137060.jpg,0
1504420770517603867.jpg,0
1504538841159053485.jpg,2
1503524772109452139.jpg,0
1504538996251830882.jpg,0
1503524791976317255.jpg,1
1504538984646697632.jpg,1
1503524785110018385.jpg,2
1504420778919077821.jpg,0
1503524805444387251.jpg,2
1504538588653696080.jpg,2
1504538764090896512.jpg,0
1504538928256528423.jpg,2
1504538637371575402.jpg,0
1504538755675615051.jpg,0
1503524768576446098.jpg,1
1504538991458189738.jpg,0
1504538840771884359.jpg,2
1504538638969728600.jpg,0
1503524794309803342.jpg,0
1504538789090171374.jpg,1
1504538570065872745.jpg,0
1504420779715857260.jpg,0
1503524806848814243.jpg,2
1504420781318187270.jpg,0
1503524788576193449.jpg,1
1503524798109785384.jpg,0
1503524808844341556.jpg,1
1504420765512946559.jpg,1
1504538993645811523.jpg,0
1503524765046052719.jpg,2
1503524789176676391.jpg,1
1503524766042839400.jpg,2
1504538991858921136.jpg,0
1503524804242716405.jpg,2
1504538929059301879.jpg,1
1503524796843105609.jpg,0
1503524798842777222.jpg,0
1504538761286508953.jpg,1
1503524779842671879.jpg,2
1504538786703246888.jpg,2
1504420794227743895.jpg,1
1504538781003466417.jpg,0
1504538564261500006.jpg,1
1503524771311834633.jpg,1
1503524786443099272.jpg,2
1503524781578494488.jpg,2
1504538766097482091.jpg,0
1504420779920485822.jpg,0
1504538989446825221.jpg,0
1504538774999265519.jpg,0
1504538589156902968.jpg,2
1504352291553694133.jpg,0
1504538565465822939.jpg,0
1504538999858991006.jpg,0
1503524765442726273.jpg,2
1503524788642848675.jpg,1
1504538646379421883.jpg,2
1503524774176230998.jpg,0
1503524797376311032.jpg,0
1503524772576148929.jpg,0
1504538922783515850.jpg,0
1503524799116485944.jpg,0
1504538928360255158.jpg,2
1504538573963648629.jpg,0
1504420768817935770.jpg,0
1504538784896694365.jpg,2
1504538786794958183.jpg,2
1504538566566004656.jpg,0
1504538583958405517.jpg,0
1504420783428346977.jpg,0
1504538571065417763.jpg,0
1504538590762750526.jpg,2
1504538592159278304.jpg,1
1504538789504306216.jpg,1
1504538999658731898.jpg,0
1504539006152001568.jpg,0
1503524773043599856.jpg,0
1504538631364487388.jpg,0
1504420781042339649.jpg,0
1504538569664653000.jpg,0
1504538843562346902.jpg,2
1504538631055091323.jpg,0
1504539001558389094.jpg,0
1504420784746043937.jpg,0
1504538832264395919.jpg,0
1504539002056362691.jpg,0
1504538645760629796.jpg,2
1504539011152274694.jpg,2
1504538927268945530.jpg,2
1503524796044724148.jpg,0
1504538933458425600.jpg,0
1504538584361750098.jpg,0
1504539011557106576.jpg,2
1504538992152388243.jpg,0
1503524794779702724.jpg,0
1504420766410284529.jpg,1
1504538637268516738.jpg,0
1504538836961355435.jpg,0
1504538840954656635.jpg,2
1504538980546233129.jpg,0
1504539004650603738.jpg,0
1503524786316488966.jpg,2
1504538585455333309.jpg,0
1504420775811754955.jpg,0
1504352290246630671.jpg,1
1504538843773987981.jpg,2
1504538788294029845.jpg,1
1504538573258179175.jpg,0
1503524765516616899.jpg,2
1504539006353327328.jpg,0
1504538645160826573.jpg,2
1504538782686253269.jpg,0
1504420785835086863.jpg,0
1504539012851424960.jpg,1
1503524765383797281.jpg,2
1504538834070493403.jpg,0
1503524766642984406.jpg,2
1504538647661688025.jpg,1
1503524792109572398.jpg,0
1503524782976225016.jpg,2
1504352287448144368.jpg,2
1504538647063858516.jpg,2
1504538923601171506.jpg,0
1504539013061144803.jpg,1
1504420786529665672.jpg,0
1504538631467832931.jpg,0
1504420793832102974.jpg,1
1504538581564125493.jpg,0
1504538643762317927.jpg,2
1504538589563326936.jpg,2
1504538564366504260.jpg,1
1504538630953519966.jpg,0
1504538575962981829.jpg,0
1503524800642573730.jpg,2
1504538773085101542.jpg,0
1504539000661187243.jpg,0
1504538831660744761.jpg,0
1503524783909564715.jpg,2
1504538925220876985.jpg,2
1503524806782823726.jpg,2
1504538643262417118.jpg,0
1504420781924016587.jpg,0
1504538842854988731.jpg,2
1504420787529426735.jpg,0
1504538983045810174.jpg,2
1504538985844962887.jpg,1
1504538767507719116.jpg,0
1503524764311511465.jpg,2
1504539001059363714.jpg,0
1503524771776686574.jpg,0
1503524802576046809.jpg,2
1504538834273223935.jpg,0
1504538982555257055.jpg,2
1504538993356893334.jpg,0
1503524764242805167.jpg,2
1504420784423872579.jpg,0
1504538925384738292.jpg,2
1503524763309777355.jpg,2
1504538640859474636.jpg,0
1503524780376372159.jpg,2
1504538579667215657.jpg,0
1503524766710046020.jpg,2
1504538572562433082.jpg,0
1503524792843425459.jpg,0
1504538988548186354.jpg,0
1504538785983393873.jpg,2
1503524787242804222.jpg,2
1503524773243196920.jpg,0
1504538920075168640.jpg,0
1504538777987816036.jpg,0
1504538767097027211.jpg,0
1503524787509450458.jpg,2
1504420769908825616.jpg,0
1504538589767719344.jpg,2
1504538788208249288.jpg,1
1503524805110142830.jpg,2
1504538632659898020.jpg,0
1503524784909528440.jpg,2
1504538582363477748.jpg,0
1504538591666604337.jpg,1
1504538990245185555.jpg,0
1503524788843474152.jpg,1
1503524762243109835.jpg,2
1504420794134331352.jpg,1
1504538995648242740.jpg,0
1504538633368794637.jpg,0
1503524796909503359.jpg,0
1503524772843187664.jpg,0
1504538575156640841.jpg,0
1504420783127074897.jpg,0
1504420775919339934.jpg,0
1504420781624296162.jpg,0
1503524790043391212.jpg,1
1504538770692220563.jpg,0
1504420774419533767.jpg,0
1504538760896591230.jpg,1
1504538565967199917.jpg,0
1504538625948566834.jpg,0
1504538780689050388.jpg,0
1504538842771832233.jpg,2
1504538987056344936.jpg,0
1504538993755600999.jpg,0
1504539006468521511.jpg,0
1504420773145097535.jpg,0
1504538920192675882.jpg,0
1504538641970526387.jpg,0
1504539003552171255.jpg,0
1504420792835714670.jpg,2
1504352291925028229.jpg,0
1504538564971525560.jpg,1
1504538583172055800.jpg,0
1504538772299503693.jpg,0
1504538636060133352.jpg,0
1503524770310826112.jpg,1
1504539001370743498.jpg,0
1504538585365024858.jpg,0
1504538927468196570.jpg,2
1504538581462325290.jpg,0
1504420776313842769.jpg,0
1504538636455552871.jpg,0
1504538763504393903.jpg,0
1504538922380772298.jpg,0
1504538785387068310.jpg,2
1504538568668296087.jpg,0
1504420775319849646.jpg,0
1504538843960172666.jpg,2
1504538775199169941.jpg,0
1504539010052388494.jpg,2
1503524766843269057.jpg,2
1504420772912373955.jpg,0
1503524762643111930.jpg,2
1504538788884261167.jpg,1
1504538596158593462.jpg,0
1504352292939178083.jpg,0
1504538923789959576.jpg,0
1504538571662512447.jpg,0
1504538985946221250.jpg,1
1503524796576174624.jpg,0
1504352289061555832.jpg,1
1503524806979638001.jpg,2
1503524797245969541.jpg,0
1504538570955926633.jpg,0
1504538837256158485.jpg,0
1504538588057795039.jpg,2
1504538921386691244.jpg,0
1504538781587153353.jpg,0
1503524794109815203.jpg,0
1504538583463578671.jpg,0
1504538927565261881.jpg,2
1504538932862645108.jpg,0
1504538770003467086.jpg,0
1503524789642607021.jpg,1
1504538639166253964.jpg,0
1503524769376771343.jpg,1
1504539007359658513.jpg,0
1503524803442791672.jpg,2
1504538636379363335.jpg,0
1504538782499613522.jpg,0
1504539007849730718.jpg,0
1504538760794859967.jpg,1
1503524794448993589.jpg,0
1504538760587699084.jpg,1
1503524769976279500.jpg,1
1504538925788497878.jpg,2
1504539006658173056.jpg,0
1504420771334029883.jpg,0
1504538636253931143.jpg,0
1504538640970516143.jpg,0
1504539007059083068.jpg,0
1504538931856906782.jpg,0
1503524783242741755.jpg,2
1504420785742269202.jpg,0
1504538836168392152.jpg,0
1504539012162638493.jpg,2
1504538566869837438.jpg,0
1504538995760338656.jpg,0
1504538583260816202.jpg,0
1503524796442811249.jpg,0
1504538984948618375.jpg,1
1504538770495878906.jpg,0
1504538992459714216.jpg,0
1504538572965567450.jpg,0
1504420787924544167.jpg,0
1504538786102589298.jpg,2
1503524763178470740.jpg,2
1503524788977351303.jpg,1
1504538930557069667.jpg,0
1504538583551466687.jpg,0
1503524768443154413.jpg,1
1504539000352767468.jpg,0
1504420779018023146.jpg,0
1504538990960364497.jpg,0
1504538569771588520.jpg,0
1504538573762645465.jpg,0
1503524789315621902.jpg,1
1504538777391957283.jpg,0
1504420786629137227.jpg,0
1503524770443311928.jpg,1
1504538575449453265.jpg,0
1504538567658638285.jpg,0
1504538625650542583.jpg,0
1504420782616582797.jpg,0
1503524774648910226.jpg,0
1504420787445881040.jpg,0
1504538593264198358.jpg,1
1503524803976004767.jpg,2
1504538919073017787.jpg,0
1504538779694819665.jpg,0
1504538831455823395.jpg,0
1504420774917806264.jpg,0
1504538781697369744.jpg,0
1504538588953606320.jpg,2
1504538565772114480.jpg,0
1504538765201781205.jpg,0
1503524783576320330.jpg,2
1504538574349118259.jpg,0
1504538641156244346.jpg,0
1504420774627139208.jpg,0
1504420778139516875.jpg,0
1503524773714618066.jpg,0
1504538787096683660.jpg,2
1504538784396450958.jpg,2
1504538593568294599.jpg,0
1504538784794061114.jpg,2
1504539009557172616.jpg,2
1504538775383236074.jpg,0
1504538648562081610.jpg,1
1504538785209850106.jpg,2
1504539014362463538.jpg,1
1504538930646458450.jpg,0
1503524795716256882.jpg,0
1504539013361874080.jpg,1
1503524799378903136.jpg,0
1504538989353485007.jpg,0
1504538586158605074.jpg,0
1503524780242686256.jpg,2
1504538631960780642.jpg,0
1504538921991421554.jpg,0
1504538629066242205.jpg,0
1504538637054930351.jpg,0
1504420787025592427.jpg,0
1504420787128871926.jpg,0
1504420792234158417.jpg,2
1504538644664171702.jpg,2
1504538769921367997.jpg,0
1503524799644761514.jpg,0
1504538642265323819.jpg,0
1504420790037727664.jpg,2
1503524779042816909.jpg,0
1504538765089890725.jpg,0
1504538787500301774.jpg,2
1503524802776353036.jpg,2
1504538572262035093.jpg,0
1504420774342415676.jpg,0
1504538782385586143.jpg,0
1503524771044862123.jpg,1
1503524797842807278.jpg,0
1504539006851641220.jpg,0
1504538836750353265.jpg,0
1504538991752406234.jpg,0
1504538769595352786.jpg,0
1504538994953086466.jpg,0
1504538589455909533.jpg,2
1504538588268048222.jpg,2
1503524786042656623.jpg,2
1504420772413269244.jpg,0
1504538832357415398.jpg,0
1504538577550723737.jpg,0
1504538772991708331.jpg,0
1503524803042735146.jpg,2
1503524781716427917.jpg,2
1503524763576560892.jpg,2
1503524767843258490.jpg,1
1504538565071419736.jpg,1
1504538921586953509.jpg,0
1504420784627887162.jpg,0
1504538634662609127.jpg,0
1504538579351734654.jpg,0
1504538770090342215.jpg,0
1504538932165327227.jpg,0
1504538775089573043.jpg,0
1504352291038548208.jpg,0
1504538845171346591.jpg,1
1504420776617527481.jpg,0
1504538988138545240.jpg,0
1504420775721995284.jpg,0
1504538590657907093.jpg,2
1504538832771449731.jpg,0
1504538987455157500.jpg,0
1503524762776842537.jpg,2
1504538842165999054.jpg,2
1504539000553612941.jpg,0
1504538632749735566.jpg,0
1503524769176304889.jpg,1
1504420776825112730.jpg,0
1503524806711507051.jpg,2
1504420790327824651.jpg,2
1504538767982060212.jpg,0
1503524793576319026.jpg,0
1503524766177962877.jpg,2
1504538783583747013.jpg,0
1504420772013180942.jpg,0
1504538585269965539.jpg,0
1504538755785535603.jpg,0
1504538634368185130.jpg,0
1503524772243007552.jpg,0
1504538981739889378.jpg,2
1504538838466017327.jpg,0
1504538929557824656.jpg,1
1504538991050698034.jpg,0
1503524770709840821.jpg,1
1504420773026616918.jpg,0
1503524764909646940.jpg,2
1504539013754922970.jpg,1
1504538836661903111.jpg,0
1503524791776218733.jpg,1
1503524787843581586.jpg,2
1504420780525033802.jpg,0
1504538584559280045.jpg,0
1503524801916968918.jpg,2
1504538931757866974.jpg,0
1504539012560691514.jpg,2
1504420779325551493.jpg,0
1504538593059373497.jpg,1
1503524792583292209.jpg,0
1503524790176136983.jpg,1
1504539008963252781.jpg,2
1504538582164508894.jpg,0
1504538992848506923.jpg,0
1504538784012052569.jpg,2
1504539006954799970.jpg,0
1504539008070668170.jpg,0
1504538634562410198.jpg,0
1504538994449243717.jpg,0
1504538994745119894.jpg,0
1504539004157652858.jpg,0
1503524762916375348.jpg,2
1504538982454720085.jpg,2
1504420770620992854.jpg,0
1504420785536160652.jpg,0
1503524806509828165.jpg,2
1504538770280269365.jpg,0
1504538587762970193.jpg,2
1504538640365788860.jpg,0
1503524790512341407.jpg,1
1504538844865445115.jpg,1
1504538989148169195.jpg,0
1503524779376096472.jpg,0
1503524774379393445.jpg,0
1504538774592272325.jpg,0
1504538839371891282.jpg,0
1503524793509579742.jpg,0
1504538987543436349.jpg,0
1504420780224534590.jpg,0
1504538988740944453.jpg,0
1504538984147034028.jpg,2
1504538641071482097.jpg,0
1503524783376042586.jpg,2
1504539004054116331.jpg,0
1504538767000868764.jpg,0
1504538767782427219.jpg,0
1504538785601622511.jpg,2
1503524801842801822.jpg,2
1503524805509540741.jpg,2
1503524785176294529.jpg,2
1504538775688269693.jpg,0
1503524789709859736.jpg,1
1504538921195753954.jpg,0
1504420782237143839.jpg,0
1504538570459103610.jpg,0
1504352287629158326.jpg,2
1504538564171494365.jpg,1
1503524794242930408.jpg,0
1503524773447745151.jpg,0
1504538919882054446.jpg,0
1503524779509572543.jpg,0
1503524764509759402.jpg,2
1504538578954497698.jpg,0
1504538979944186747.jpg,0
1504420791539699450.jpg,2
1504539010251019813.jpg,2
1504420765297881822.jpg,2
1504539005558393480.jpg,0
1504538764296388083.jpg,0
1504538569466144437.jpg,0
1504538637957616367.jpg,0
1504352289631069774.jpg,1
1503524768642946183.jpg,1
1504420785130849367.jpg,0
1504538765994752674.jpg,0
1504538920591289389.jpg,0
1504538566764965065.jpg,0
1504538833949597336.jpg,0
1504420778334701839.jpg,0
1504420770414587486.jpg,0
1504538995263849501.jpg,0
1504538987642190818.jpg,0
1504538918683451835.jpg,0
1504538992756700916.jpg,0
1504538643472605374.jpg,0
1504538639857506389.jpg,0
1504538629657850555.jpg,0
1504538578857509232.jpg,0
1504538999057455243.jpg,0
1503524789976522437.jpg,1
1504538642764551190.jpg,0
1504420783627155591.jpg,0
1504538588368930696.jpg,2
1504420780022878503.jpg,0
1503524779643720178.jpg,0
1504538644362862694.jpg,2
1504538835859364067.jpg,0
1503524807042695414.jpg,2
1504538580359893840.jpg,0
1504538988046069386.jpg,0
1503524784376127959.jpg,2
1504538779519034819.jpg,0
1504538985543516642.jpg,1
1504538993159067160.jpg,0
1504352290454881655.jpg,0
1504538639756027341.jpg,0
1503524803176166982.jpg,2
1503524792909460758.jpg,0
1504538580064577476.jpg,0
1504420769214911969.jpg,0
1504538642360945316.jpg,0
1504538835974498119.jpg,0
1503524796242727409.jpg,0
1504538644868261695.jpg,2
1504538995044866254.jpg,0
1504538918384806673.jpg,0
1504538583066316643.jpg,0
1503524805576522585.jpg,2
1503524794178982106.jpg,0
1503524792509407116.jpg,0
1504420775438865174.jpg,0
1503524790976103818.jpg,1
1504539013263114956.jpg,1
1504538927975054135.jpg,2
1504420771115261310.jpg,0
1504538776291270711.jpg,0
1504539005850589760.jpg,0
1504538919264933262.jpg,0
1504420783234562453.jpg,0
1503524782309514932.jpg,2
1504538641864504749.jpg,0
1504538636767636178.jpg,0
1504420792643761912.jpg,2
1504538988247148934.jpg,0
1504538786504827833.jpg,2
1504538648174791663.jpg,1
1504538840866908055.jpg,2
1503524804910666835.jpg,2
1504538997146216293.jpg,0
1504538843064428131.jpg,2
1504539008458127534.jpg,0
1503524797979698220.jpg,0
1504538763997362713.jpg,0
1504352291645430582.jpg,0
1504538642667606031.jpg,0
1504538588466568363.jpg,2
1503524793909573656.jpg,0
1504538918884557710.jpg,0
1503524801376225128.jpg,2
1504538626350892181.jpg,0
1504538842576263273.jpg,2
1503524801443586413.jpg,2
1504538589953344778.jpg,2
1504538591056923813.jpg,2
1503524767643284703.jpg,1
1503524804842951507.jpg,2
1504538787790645577.jpg,2
1504420767204999863.jpg,1
1504538845876038412.jpg,1
1503524770242683228.jpg,1
1504538640753100178.jpg,0
1504538983941706769.jpg,2
1504420767826460685.jpg,0
1503524773176364954.jpg,0
1504538780494988948.jpg,0
1504420781728324522.jpg,0
1504538786989622154.jpg,2
1503524763709781915.jpg,2
1503524772642854206.jpg,0
1503524795776565574.jpg,0
1504420792932492156.jpg,2
1504420778043031060.jpg,0
1503524793842702130.jpg,0
1504539012054146864.jpg,2
1504420770216265262.jpg,0
1504538572671015639.jpg,0
1504538783494512394.jpg,0
1503524804176192955.jpg,2
1504539001652116424.jpg,0
1503524804776122611.jpg,2
1504539007253157804.jpg,0
1503524790712753023.jpg,1
1504539002261801060.jpg,0
1504538767898982567.jpg,0
1504538840653890937.jpg,2
1504538570171862551.jpg,0
1504538626156223932.jpg,0
1504538578559734456.jpg,0
1504538981842878079.jpg,2
1504538576260486978.jpg,0
1504420766306682857.jpg,1
1504538997361700065.jpg,0
1503524803776090593.jpg,2
1504538578366723049.jpg,0
1504538999356010699.jpg,0
1504420791234444580.jpg,2
1504538645359442969.jpg,2
1503524784576188678.jpg,2
1504538997262197045.jpg,0
1504538593464913021.jpg,0
1504538763199242929.jpg,0
1504538933258077337.jpg,0
1504538576956828017.jpg,0
1504539011659565114.jpg,2
1504538597550469080.jpg,0
1503524783110650228.jpg,2
1503524784444377322.jpg,2
1504538927665066493.jpg,2
1504538628680434519.jpg,0
1504538768583752800.jpg,0
1503524781248862057.jpg,2
1504538839062556134.jpg,0
1503524794042719513.jpg,0
1504420777035106492.jpg,0
1504538585551059889.jpg,0
1504539013453119011.jpg,1
1504420783342396173.jpg,0
1504538569875731442.jpg,0
1504538987745597439.jpg,0
1504538779787491722.jpg,0
1504420775221773106.jpg,0
1503524786776356453.jpg,2
1504420791428405727.jpg,2
1504538763002894315.jpg,0
1504538582657628129.jpg,0
1503524771843122891.jpg,0
1503524797509491172.jpg,0
1503524779176226157.jpg,0
1504420792324016736.jpg,2
1504539010161596224.jpg,2
1504538589063868069.jpg,2
1504538579760018576.jpg,0
1503524793114698139.jpg,0
1504538564573430176.jpg,1
1504352290941731923.jpg,0
1503524804314486545.jpg,2
1504539005948821027.jpg,0
1504420778432084381.jpg,0
1504538636855179189.jpg,0
1504538774907360664.jpg,0
1504420765616547059.jpg,1
1503524772376888342.jpg,0
1504538982641403683.jpg,2
1504352290832544393.jpg,0
1504538980246184559.jpg,0
1504538787382920533.jpg,2
1503524806309689030.jpg,2
1504538833854954201.jpg,0
1503524772910033817.jpg,0
1504538919778976774.jpg,0
1504538766880241697.jpg,0
1504539003750142687.jpg,0
1504538590954239479.jpg,2
1503524780442605719.jpg,2
1504538577755822155.jpg,0
1503524792309744518.jpg,0
1503524791913029557.jpg,1
1504538774078887392.jpg,0
1504420775618022026.jpg,0
1504538568754391507.jpg,0
1504538760390862929.jpg,1
1504352289230819072.jpg,1
1504538583865672971.jpg,0
1503524789045507520.jpg,1
1504538642170779655.jpg,0
1504538989046514174.jpg,0
1504538581261874134.jpg,0
1504538635476918962.jpg,0
1504538644769494095.jpg,2
1504538764790063444.jpg,0
1504539007761099993.jpg,0
1504538572169921474.jpg,0
1504538776203715080.jpg,0
1503524773976264568.jpg,0
1504538768094477617.jpg,0
1503524765248783247.jpg,2
1504538588162909373.jpg,2
1504538786386338405.jpg,2
1504538774699370453.jpg,0
1504538760292030937.jpg,1
1504538575054651570.jpg,0
1503524762177122615.jpg,2
1504538769306843237.jpg,0
1503524797042896784.jpg,0
1504420792126739737.jpg,2
1503524770576919211.jpg,1
1504538632364606269.jpg,0
1504538982244473183.jpg,2
1504538983544026228.jpg,2
1503524803709567187.jpg,2
1504538768399280495.jpg,0
1504538632255888344.jpg,0
1503524806042850739.jpg,2
1504538638566868860.jpg,0
1504538625761985844.jpg,0
1503524787176206225.jpg,2
1503524802449127359.jpg,2
1504538985657127224.jpg,1
1504538586773591844.jpg,0
1504538571368639052.jpg,0
1504420770025526459.jpg,0
1504538637153005719.jpg,0
1504538836854797182.jpg,0
1503524792183143304.jpg,0
1504538632571524044.jpg,0
1504538646457797716.jpg,2
1504538774292625010.jpg,0
1503524792384202252.jpg,0
1503524785917254887.jpg,2
1504420772713390114.jpg,0
1504538931357033418.jpg,0
1504539009752262894.jpg,2
1503524774044835323.jpg,0
1504538838753597163.jpg,0
1504538629484536560.jpg,0
1504538992949700133.jpg,0
1503524771642941544.jpg,0
1504538770793968353.jpg,0
1504538927169748766.jpg,2
1504538576559025240.jpg,0
1504538767188955896.jpg,0
1504539010760679528.jpg,2
1503524779976629330.jpg,2
1504538776902795509.jpg,0
1504539007451737347.jpg,0
1503524797309301495.jpg,0
1504538931164138354.jpg,0
1504538782100081914.jpg,0
1504538929659948248.jpg,1
1503524800442686689.jpg,2
1504420773422126920.jpg,0
1503524765777021467.jpg,2
1504420780734170358.jpg,0
1504538760484378283.jpg,1
1504538920389981422.jpg,0
1504538927066229913.jpg,2
1504538982153336401.jpg,2
1503524786510040780.jpg,2
1504420774812133230.jpg,0
1504420783527527303.jpg,0
1503524793709760802.jpg,0
1504538928158370157.jpg,2
1504538925675209586.jpg,2
1504538786594811155.jpg,2
1504420788648273032.jpg,0
1504420781227315086.jpg,0
1504352289835851577.jpg,1
1504420790843896830.jpg,2
1503524771176933457.jpg,1
1503524783179178797.jpg,2
1503524771445012809.jpg,0
1503524799043065669.jpg,0
1504538633962748766.jpg,0
1504538776484090273.jpg,0
1504538841361914107.jpg,2
1504539006747714319.jpg,0
1504538626850100052.jpg,0
1504538766181767376.jpg,0
1504538777200366717.jpg,0
1503524803576483680.jpg,2
1504538647974918313.jpg,1
1504538926964021313.jpg,2
1504420773624201002.jpg,0
1504538763791625451.jpg,0
1504538836450622611.jpg,0
1504538573862027660.jpg,0
1503524763843094880.jpg,2
1504538926465765892.jpg,2
1504538631670887350.jpg,0
1503524793309298017.jpg,0
1503524785312473515.jpg,2
1504420772213391722.jpg,0
1504538582758633311.jpg,0
1504538779081077340.jpg,0
1504539010455212670.jpg,2
1503524801242652384.jpg,2
1504538986646613674.jpg,0
1503524762109966640.jpg,2
1504538789002710534.jpg,1
1504538991546717544.jpg,0
1504538839977095234.jpg,0
1503524799243349332.jpg,0
1504538919384304571.jpg,0
1504538996751310207.jpg,0
1504538996658928260.jpg,0
1503524792044681325.jpg,1
1503524786176445058.jpg,2
1504420775014920753.jpg,0
1503524799510005833.jpg,0
1504538932363824150.jpg,0
1504539001264342322.jpg,0
1504538831960480936.jpg,0
1504538640150369019.jpg,0
1503524774576081409.jpg,0
1503524763909846064.jpg,2
1503524783776082699.jpg,2
1503524782842833785.jpg,2
1503524785976351869.jpg,2
1504538643061156861.jpg,0
1503524769116370875.jpg,1
1504538783293265829.jpg,0
1504538567560287850.jpg,0
1504538597767711817.jpg,0
1504538764385361450.jpg,0
1504420780822800569.jpg,0
1504538591161465284.jpg,2
1503524788709546293.jpg,1
1504538999554051795.jpg,0
1504420778831805957.jpg,0
1504538932555849054.jpg,0
1504539004850952007.jpg,0
1504538574951749663.jpg,0
1503524806642930630.jpg,2
1504420767926807161.jpg,0
1503524785776440133.jpg,2
1503524798509612047.jpg,0
1504538931663452733.jpg,0
1504538924497723511.jpg,2
1504420791024116198.jpg,2
1504420784948792702.jpg,0
1503524803116425719.jpg,2
1504538931456623564.jpg,0
1504420792736222844.jpg,2
1504538770584525842.jpg,0
1504538919674875061.jpg,0
1504538996366266160.jpg,0
1504420793539913429.jpg,2
1504539013660775813.jpg,1
1504538580850484905.jpg,0
1504538845782963002.jpg,1
1503524768045124764.jpg,1
1503524785576639949.jpg,2
1504538929149498040.jpg,1
1504538586466719991.jpg,0
1504538633260029164.jpg,0
1504538923391182083.jpg,0
1504420790519252259.jpg,2
1504538996056829005.jpg,0
1504538629561346593.jpg,0
1503524806251533719.jpg,2
1504538981943318776.jpg,2
1503524766576040761.jpg,2
1504420788135108898.jpg,0
1504538590159469526.jpg,2
1504538626753712429.jpg,0
1504420776717644210.jpg,0
1503524800713835090.jpg,2
1504538840358310300.jpg,2
1503524784978402376.jpg,2
1504538773491777675.jpg,0
1504538646774648177.jpg,2
1504538578654587118.jpg,0
1504538918768496480.jpg,0
1504420780121874622.jpg,0
1503524773642979485.jpg,0
1504538589871342327.jpg,2
1504420786834638491.jpg,0
1504420777624576382.jpg,0
1503524798309824344.jpg,0
1503524782444119195.jpg,2
1504538983137574418.jpg,2
1504538630557791753.jpg,0
1504420780924006208.jpg,0
1504538638762933975.jpg,0
1504538779210038339.jpg,0
1504420779117384869.jpg,0
1504538843865483424.jpg,2
1504538647263907216.jpg,2
1504420766701496110.jpg,1
1504538635757814068.jpg,0
1504538637858893751.jpg,0
1504539012961512142.jpg,1
1503524762583079939.jpg,2
1504538574868313620.jpg,0
1504538638653589282.jpg,0
1503524764576675475.jpg,2
1503524786576498507.jpg,2
1504538592369003772.jpg,1
1504420771908257725.jpg,0
1503524764776492870.jpg,2
1504420788521481250.jpg,0
1504538763392921107.jpg,0
1504538760694529466.jpg,1
1503524786379654515.jpg,2
1504538576053019397.jpg,0
1504538566076016619.jpg,0
1504538986147589784.jpg,1
1504538772098690717.jpg,0
1504538769506820814.jpg,0
1504420777312471568.jpg,0
1504539008763034658.jpg,2
1504538930860917607.jpg,0
1504538998453831094.jpg,0
1504538768302667510.jpg,0
1504539009253958338.jpg,2
1504539002352951443.jpg,0
1504538638171958416.jpg,0
1504538588567575914.jpg,2
1503524762848803156.jpg,2
1504538765795552623.jpg,0
1504420769626792153.jpg,0
1504420771209334404.jpg,0
1504538838667966904.jpg,0
1504538765488527113.jpg,0
1503524781442874783.jpg,2
1504420767701385230.jpg,0
1504420789231252062.jpg,0
1504538932964872906.jpg,0
1504420775116428337.jpg,0
1504538842358470663.jpg,2
1504538841966696010.jpg,2
1503524762509675073.jpg,2
1504538567969312585.jpg,0
1503524783976074241.jpg,2
1504539009456508932.jpg,2
1504352288048275758.jpg,2
1504420773721536070.jpg,0
1504539001956464461.jpg,0
1504538778107457885.jpg,0
1503524795176342461.jpg,0
1504538783197936023.jpg,0
1504420769713121411.jpg,0
1504538645962010171.jpg,2
1504538769791719844.jpg,0
1503524785642738156.jpg,2
1504420772313414629.jpg,0
1504538772400475245.jpg,0
1503524782642991803.jpg,2
1504420784851158161.jpg,0
1503524784043235720.jpg,2
1504538982048237281.jpg,2
1504538840183122090.jpg,2
1504538771286711209.jpg,0
1504420767432069553.jpg,0
1504538766486820781.jpg,0
1504539011856420707.jpg,2
1504538773381026763.jpg,0
1504420790434798515.jpg,2
1503524800509551016.jpg,2
1504538570355621504.jpg,0
1504538586651111894.jpg,0
1503524774509403847.jpg,0
1504538834160062011.jpg,0
1504420766620725027.jpg,1
1503524793776205609.jpg,0
1504538571958422769.jpg,0
1504538591262955324.jpg,2
1503524786109848447.jpg,2
1504420766205095508.jpg,1
1504539000861232491.jpg,0
1504538842669765474.jpg,2
1503524801776457427.jpg,2
1504538928562681999.jpg,1
1503524769317474565.jpg,1
1504538640253982066.jpg,0
1503524794375963498.jpg,0
1504538998349858133.jpg,0
1504538639363484364.jpg,0
1504538991951761368.jpg,0
1503524796509343708.jpg,0
1503524805642975294.jpg,2
1504538648373742562.jpg,1
1504538578266248852.jpg,0
1504539007954814298.jpg,0
1504538985447496529.jpg,1
1504538643656861465.jpg,2
1504420770918451182.jpg,0
1503524799450350755.jpg,0
1504538575859327373.jpg,0
1504420779539251218.jpg,0
1504538593858407331.jpg,0
1503524804577999099.jpg,2
1504538768800896682.jpg,0
1504538983838515119.jpg,2
1504538921896969253.jpg,0
1504538596459951967.jpg,0
1503524793979533840.jpg,0
1503524788449560244.jpg,1
1503524781310269615.jpg,2
1504538572063786327.jpg,0
1504538648665418742.jpg,1
1504538844182249617.jpg,1
1504420776520212199.jpg,0
1504420783024404915.jpg,0
1504420779626101106.jpg,0
1504538927767641498.jpg,2
1504420784528929182.jpg,0
1504538648866411608.jpg,1
1504538639068616598.jpg,0
1504538929964889639.jpg,1
1504538783912654968.jpg,0
1504538626560359124.jpg,0
1504538759999853138.jpg,1
1504420782129771375.jpg,0
1503524772448913879.jpg,0
1504539012665731679.jpg,2
1504539001860636566.jpg,0
1504420773932457140.jpg,0
1504420785935242146.jpg,0
1503524767776388099.jpg,1
1504539000952079481.jpg,0
1504538928757671198.jpg,1
1504538922584497627.jpg,0
1504539005348064741.jpg,0
1504538582949866878.jpg,0
1504538587656526760.jpg,2
1504538924887540751.jpg,2
1504538981550476197.jpg,2
1504420777825943477.jpg,0
1503524768242767430.jpg,1
1503524782576277379.jpg,2
1503524797447880331.jpg,0
1504352292349687016.jpg,0
1504538787592236226.jpg,2
1504420768707830000.jpg,0
1504538990752524172.jpg,0
1503524769910368766.jpg,1
1504538780095234450.jpg,0
1504538566973780031.jpg,0
1504538642459014170.jpg,0
1504420773221855223.jpg,0
1504538630265273655.jpg,0
1504538993453553718.jpg,0
1504538837866652419.jpg,0
1504538788602507912.jpg,1
1503524788776363130.jpg,1
1504538579864817557.jpg,0
1504538923279448508.jpg,0
1503524794642632041.jpg,0
1503524790642720255.jpg,1
1503524770176372717.jpg,1
1504538928960826173.jpg,1
1504538596666027794.jpg,0
1504538926664651894.jpg,2
1504538983337282790.jpg,2
1504538578152011660.jpg,0
1504538784592634860.jpg,2
1504538924197054182.jpg,0
1504538573051164757.jpg,0
1504538638454415691.jpg,0
1504420767626038743.jpg,0
1504538773997280173.jpg,0
1504538591864033417.jpg,1
1504539010863584236.jpg,2
1504538986345244137.jpg,1
1504538763585837664.jpg,0
1503524784109715043.jpg,2
1504420789561907448.jpg,0
1504538645264685519.jpg,2
1504538988845844676.jpg,0
1503524764376005045.jpg,2
1504539007554802911.jpg,0
1504538565575152665.jpg,0
1504538997461392244.jpg,0
1504538645055541435.jpg,2
